{
  "train": {
    "tp": 44,
    "fp": 30,
    "tn": 176,
    "fn": 32,
    "accuracy": 0.7801418439716312,
    "precision": 0.5945945945945946,
    "recall": 0.5789473684210527,
    "f1": 0.5866666666666667,
    "roc_auc": 0.8279892692897292,
    "log_loss": 0.4379020101563124,
    "support": 282,
    "positive_rate": 0.2695035460992908,
    "threshold": 0.4
  },
  "val": {
    "tp": 14,
    "fp": 23,
    "tn": 140,
    "fn": 14,
    "accuracy": 0.806282722513089,
    "precision": 0.3783783783783784,
    "recall": 0.5,
    "f1": 0.4307692307692308,
    "roc_auc": 0.805872042068361,
    "log_loss": 0.38502774749315033,
    "support": 191,
    "positive_rate": 0.14659685863874344,
    "threshold": 0.4
  },
  "test": {
    "tp": 7,
    "fp": 33,
    "tn": 137,
    "fn": 14,
    "accuracy": 0.7539267015706806,
    "precision": 0.175,
    "recall": 0.3333333333333333,
    "f1": 0.22950819672131145,
    "roc_auc": 0.7061624649859944,
    "log_loss": 0.41603711818171757,
    "support": 191,
    "positive_rate": 0.1099476439790576,
    "threshold": 0.4
  }
}