{
  "train": {
    "tp": 73,
    "fp": 16,
    "tn": 190,
    "fn": 3,
    "accuracy": 0.9326241134751773,
    "precision": 0.8202247191011236,
    "recall": 0.9605263157894737,
    "f1": 0.8848484848484848,
    "roc_auc": 0.9871614716402657,
    "log_loss": 0.27117439386536574,
    "support": 282,
    "positive_rate": 0.2695035460992908,
    "threshold": 0.5
  },
  "val": {
    "tp": 20,
    "fp": 15,
    "tn": 148,
    "fn": 8,
    "accuracy": 0.8795811518324608,
    "precision": 0.5714285714285714,
    "recall": 0.7142857142857143,
    "f1": 0.634920634920635,
    "roc_auc": 0.8943908851884312,
    "log_loss": 0.4335386334160388,
    "support": 191,
    "positive_rate": 0.14659685863874344,
    "threshold": 0.5
  },
  "test": {
    "tp": 10,
    "fp": 25,
    "tn": 145,
    "fn": 11,
    "accuracy": 0.8115183246073299,
    "precision": 0.2857142857142857,
    "recall": 0.47619047619047616,
    "f1": 0.3571428571428571,
    "roc_auc": 0.7848739495798319,
    "log_loss": 0.49411886620062423,
    "support": 191,
    "positive_rate": 0.1099476439790576,
    "threshold": 0.5
  }
}