{
  "train": {
    "tp": 74,
    "fp": 0,
    "tn": 206,
    "fn": 2,
    "accuracy": 0.9929078014184397,
    "precision": 1.0,
    "recall": 0.9736842105263158,
    "f1": 0.9866666666666666,
    "roc_auc": 1.0,
    "log_loss": 0.08301243124978579,
    "support": 282,
    "positive_rate": 0.2695035460992908,
    "threshold": 0.75
  },
  "val": {
    "tp": 20,
    "fp": 15,
    "tn": 148,
    "fn": 8,
    "accuracy": 0.8795811518324608,
    "precision": 0.5714285714285714,
    "recall": 0.7142857142857143,
    "f1": 0.634920634920635,
    "roc_auc": 0.8538562664329535,
    "log_loss": 0.46624881478738456,
    "support": 191,
    "positive_rate": 0.14659685863874344,
    "threshold": 0.75
  },
  "test": {
    "tp": 9,
    "fp": 35,
    "tn": 135,
    "fn": 12,
    "accuracy": 0.7539267015706806,
    "precision": 0.20454545454545456,
    "recall": 0.42857142857142855,
    "f1": 0.27692307692307694,
    "roc_auc": 0.6929971988795518,
    "log_loss": 0.7340146494776595,
    "support": 191,
    "positive_rate": 0.1099476439790576,
    "threshold": 0.75
  }
}